Workbook

Sheet Recherche
B2: SYNERGIE BTP — Recherche de chantier | E2: =IF(AND($B$7<>"",ISNUMBER(SEARCH(UPPER($B$7),BASE!B2))),BASE!A2,"")
B3: Tapez tout ou partie du nom — le numéro s'affiche automatiquement en face | E3: =IF(AND($B$7<>"",ISNUMBER(SEARCH(UPPER($B$7),BASE!B3))),BASE!A3,"")
E4: =IF(AND($B$7<>"",ISNUMBER(SEARCH(UPPER($B$7),BASE!B4))),BASE!A4,"")
B5: 🔍 Nom du chantier (saisie libre) | C5: 📋 Numéro de chantier | E5: =IF(AND($B$7<>"",ISNUMBER(SEARCH(UPPER($B$7),BASE!B5))),BASE!A5,"")
E6: =IF(AND($B$7<>"",ISNUMBER(SEARCH(UPPER($B$7),BASE!B6))),BASE!A6,"")
C7: {=IFERROR(INDEX(E2:E771,MATCH(TRUE(),E2:E771<>"",0)),"— Aucun résultat —")} | E7: =IF(AND($B$7<>"",ISNUMBER(SEARCH(UPPER($B$7),BASE!B7))),BASE!A7,"")
E8: =IF(AND($B$7<>"",ISNUMBER(SEARCH(UPPER($B$7),BASE!B8))),BASE!A8,"")
B9: LISTE COMPLÈTE — 770 chantiers | E9: =IF(AND($B$7<>"",ISNUMBER(SEARCH(UPPER($B$7),BASE!B9))),BASE!A9,"")
B10: Code | C10: Nom du chantier | E10: =IF(AND($B$7<>"",ISNUMBER(SEARCH(UPPER($B$7),BASE!B10))),BASE!A10,"")
B11: CH111111 | C11: DEPOT | E11: =IF(AND($B$7<>"",ISNUMBER(SEARCH(UPPER($B$7),BASE!B11))),BASE!A11,"")
B12: CH009999 | C12: DIVERS CHANTIERS | E12: =IF(AND($B$7<>"",ISNUMBER(SEARCH(UPPER($B$7),BASE!B12))),BASE!A12,"")
B13: CH001388 | C13: SIMKEL | E13: =IF(AND($B$7<>"",ISNUMBER(SEARCH(UPPER($B$7),BASE!B13))),BASE!A13,"")
B14: CH001387 | C14: VYLANNE | E14: =IF(AND($B$7<>"",ISNUMBER(SEARCH(UPPER($B$7),BASE!B14))),BASE!A14,"")
B15: CH001386 | C15: NSC | E15: =IF(AND($B$7<>"",ISNUMBER(SEARCH(UPPER($B$7),BASE!B15))),BASE!A15,"")
B16: CH001385 | C16: KARLIG | E16: =IF(AND($B$7<>"",ISNUMBER(SEARCH(UPPER($B$7),BASE!B16))),BASE!A16,"")
B17: CH001384 | C17: CABESTO HOUELBOURG | E17: =IF(AND($B$7<>"",ISNUMBER(SEARCH(UPPER($B$7),BASE!B17))),BASE!A17,"")
B18: CH001383 | C18: GOUYER NICOLAS | E18: =IF(AND($B$7<>"",ISNUMBER(SEARCH(UPPER($B$7),BASE!B18))),BASE!A18,"")
B19: CH001382 | C19: SOTRAG | E19: =IF(AND($B$7<>"",ISNUMBER(SEARCH(UPPER($B$7),BASE!B19))),BASE!A19,"")
B20: CH001381 | C20: SERCO | E20: =IF(AND($B$7<>"",ISNUMBER(SEARCH(UPPER($B$7),BASE!B20))),BASE!A20,"")
B21: CH001380 | C21: SERCO | E21: =IF(AND($B$7<>"",ISNUMBER(SEARCH(UPPER($B$7),BASE!B21))),BASE!A21,"")
... B771: CH000010 | C771: VP2M | E771: =IF(AND($B$7<>"",ISNUMBER(SEARCH(UPPER($B$7),BASE!B771))),BASE!A771,"")
B772: CH000009 | C772: HORIZON
B773: CH000008 | C773: SEMSAMAR
B774: CH000007 | C774: AR PATRIMOINE
B775: CH000006 | C775: GRVIC
B776: CH000005 | C776: KARAIBE TP
B777: CH000004 | C777: COVIMO
B778: CH000003 | C778: SIMKEL
B779: CH000002 | C779: FLANDRINA
B780: CH000001 | C780: POGNON

Sheet BASE
A1: Code | B1: Nom
A2: CH111111 | B2: DEPOT
A3: CH009999 | B3: DIVERS CHANTIERS
A4: CH001388 | B4: SIMKEL
A5: CH001387 | B5: VYLANNE
A6: CH001386 | B6: NSC
A7: CH001385 | B7: KARLIG
A8: CH001384 | B8: CABESTO HOUELBOURG
A9: CH001383 | B9: GOUYER NICOLAS
A10: CH001382 | B10: SOTRAG
A11: CH001381 | B11: SERCO
A12: CH001380 | B12: SERCO
... A771: CH000001 | B771: POGNON
